Seller_ID,Password
SE1,test
SE10,n1n0DpUK
SE101,L2MTY592
SE102,8V2mQVrQ
SE103,4V1LLlSK
SE104,oA0x8aMx
SE105,c0tAbMNb
SE107,BGXADVRq
SE108,pmNV0eZj
SE109,jlnWVUDy
SE11,FIKUglYF
SE110,XyjpVBUx
SE111,jbW2QDB7
SE112,VFMAVNdp
SE113,Tk5I0azU
SE115,01XK3okE
SE117,y1hM6DTT
SE118,qJUkwwFU
SE119,Nyewvj8c
SE12,JLQyeKTP
SE120,2bzGQE0R
SE121,AqV4MTC6
SE122,q1qDJgBv
SE123,goJKUWcw
SE124,bF8mgOxK
SE125,wqytK0Yp
SE126,oX4G4b3Z
SE127,zWjZ5sYT
SE13,BCmwvJBq
SE130,rmHctMeH
SE131,T612xlCJ
SE133,Z2vOwQQ4
SE134,DwYY95Sl
SE135,zdt8ohYR
SE136,YB6UNSQL
SE137,AvdDBffT
SE138,A78O6etv
SE139,1XExYRY0
SE14,rMlBnJrX
SE140,1x0Vkh6x
SE141,1EI26SOK
SE142,rpVQPSl9
SE143,4MZmC4B6
SE144,y9nlfG2U
SE145,tE0WujX3
SE146,H2KdrdyL
SE147,HdgsMueT
SE148,7ZgY7KRR
SE149,kavJsYik
SE150,uDPbhhXR
SE151,9KhW7hrc
SE152,3ZzPJaK5
SE153,u84qQG7l
SE154,3C6NOyby
SE155,f2IGArHf
SE157,SoKN26TP
SE16,CFrpHwBt
SE160,15trUcA5
SE161,fE4p38yL
SE162,zHG0B3Wp
SE163,yChnYbja
SE164,XmS34jnm
SE165,a7Gpo57L
SE167,R2V2NVGU
SE168,egkoSljN
SE17,KTBt2X4n
SE170,RcZICVwg
SE171,goEimbaB
SE174,geGS2GBJ
SE175,CCoKKuxx
SE176,ScRqICmp
SE177,LKmjGcrM
SE178,CDmbgETA
SE179,P6piwGt2
SE18,xwqHEQTm
SE180,7GW7chFS
SE181,BObtEx4F
SE182,bJfiIeTp
SE183,l1Bi9EWr
SE184,dq5rOwZR
SE185,R2Vh5Ofv
SE186,uznV9rK9
SE187,8rxedqOQ
SE188,LC9z0Hyd
SE189,yGeEvges
SE19,xdVjzpCb
SE190,FtcaeNN2
SE191,HmC5a0fR
SE192,CWiYTZzJ
SE193,89BvCCFn
SE194,6dGGVTA3
SE195,HMEqSyRq
SE196,fEHpHkJr
SE198,LCWUKpSg
SE199,vPR8kycM
SE2,7hZmKfdN
SE201,hyxTLVaS
SE202,MYQz4ASR
SE203,SSSjbV6c
SE204,p8Au9qOx
SE205,S4LYgd3P
SE206,UeKCLvVr
SE207,OIsgqWGm
SE208,1jgZKupY
SE209,i1M7zDDr
SE21,toBo7cpZ
SE210,2ogDJ9eg
SE211,rB7iynhh
SE212,i2OZwGZV
SE213,Bm6fYGqP
SE214,fpYRtWjH
SE215,mKbSqIt0
SE216,56eJo4kL
SE217,Feu82eta
SE218,4uNKN2S4
SE219,4itvsS0N
SE22,5ocCiv2M
SE220,Mf7L3Pj4
SE221,5wJtnUuG
SE222,HNkzNj5N
SE223,9pBLoFes
SE224,Mhpkyzr5
SE225,8hcpSbY4
SE226,rOOy9PrY
SE227,e3rEwL5x
SE228,lSvKzQ21
SE23,aM4Qx1uU
SE230,6WoFmbmG
SE231,1Ru3bKzn
SE232,Cp6bwArJ
SE233,NfzTghzx
SE234,yRfwfIpl
SE235,SS6AX6re
SE236,mOXLXIQl
SE237,zv3wdGNi
SE238,XYYb9Mn5
SE239,zyEIqbDm
SE24,CtTQtRDJ
SE240,eUpq3NGH
SE241,bSMIWbvX
SE242,tw44TWpO
SE243,GApoBiem
SE244,xwOCzQBp
SE245,tCGmSoqJ
SE246,Q0epVuU2
SE247,mvs27EFh
SE249,ex4qnAdZ
SE25,R9M3bPHg
SE250,rdcjyrs8
SE251,qXN2yE3H
SE252,R0E6kJSE
SE254,YLLX7tch
SE255,yOhh15kA
SE256,cZQiSVYZ
SE257,DmTNXygL
SE258,LgbTpbku
SE259,FF7yLGgH
SE26,hfNAt0di
SE260,tLzsutjj
SE261,0OqK12a9
SE262,GbobxuRG
SE263,92SNKued
SE265,dLKgN4Rs
SE266,Swkydulg
SE267,gvuP6Vf2
SE269,yshiwGcB
SE27,sWJoN6Yf
SE270,x7PDRNMm
SE271,ReMoilL2
SE272,6yw9fxio
SE273,6PI94v1R
SE274,erHryfrZ
SE275,XTUzKKWJ
SE276,wPGOIoas
SE277,elSSiSYr
SE278,KlFfdzdE
SE279,2DCF3ezw
SE28,KQ341fvz
SE280,rgMi8WFL
SE281,YPExew1C
SE282,ZqhUizmj
SE283,QTuQXk56
SE284,rJnyrdcX
SE285,D4i8yBOw
SE286,wiR5sRQm
SE288,caN3sgXr
SE289,xJSPF7tt
SE29,4zmNOgEL
SE292,0U2VS55T
SE293,4G3coFIF
SE294,vSmivr6e
SE295,rvW5rtQV
SE296,7XKGO0YM
SE297,DffvM6Hc
SE298,wcqHcyXl
SE299,d5sNDCce
SE3,XuFT6x7f
SE30,w8p7dZuR
SE300,5fh7mx55
SE301,JjtkkOMd
SE303,jZFBsAm5
SE304,VWpMsMtM
SE305,1H3kyIbX
SE308,Qp5daBmZ
SE309,Sg11RjJk
SE31,pSQ7qNQG
SE310,1tb8wDRQ
SE311,vzVmvT8c
SE312,LmPOzspw
SE313,I2KohyIM
SE314,1ghFfiGv
SE315,trIFMF3s
SE316,UeChRN6D
SE317,Yx7Rxcgq
SE319,rvhImNUu
SE32,N3Zp5cEG
SE320,rt33Trl5
SE321,AKQ7rXcR
SE322,qGutIv2a
SE323,oQjnFbYQ
SE324,BDWrgpOV
SE325,kEEMa7uG
SE326,oN5Rg8M4
SE327,zTJwZmDq
SE328,77TVB1kn
SE329,yI198FrT
SE330,res6KndB
SE332,xhMiLDzu
SE333,4BXf75N1
SE334,omk2BuQK
SE335,Tybzphvy
SE336,Pjcl41H1
SE337,srhAcEiN
SE339,hnFhhNnX
SE34,aETcp8Nn
SE340,NBnWH1iK
SE341,qOif8oF1
SE342,buT1DQh1
SE343,pUTdkLzs
SE344,BPUESVgy
SE345,YcGPYxFW
SE346,G7Ffyecx
SE347,Qg4n9OrX
SE348,XERWKeBy
SE349,9RQ7tfSe
SE35,IHJj5Uxu
SE350,a6Nu9i3e
SE351,bp510C9F
SE353,nNI64wg7
SE354,XcITaBRA
SE355,ZDpnuEde
SE356,w6UREt9M
SE357,iM3yZfbU
SE358,DY4vyadj
SE359,eM509AHn
SE36,3CK2vJvm
SE360,Qf1x6nm6
SE361,ZDqPovGP
SE363,wM7ml8nN
SE367,G8jmfE0U
SE368,3tLOZAZO
SE369,I82poaM2
SE37,6m897JPI
SE370,DlYSyvg4
SE371,1nlUhtKY
SE373,CSsWWpPb
SE374,Ei4k3wAm
SE375,zIjxtKVZ
SE376,Mruh789L
SE377,fnEIhHIq
SE379,nVMFaNTu
SE38,FbpYKsZ6
SE380,IneuTxql
SE381,ia8aMPXL
SE382,TkXUfBCy
SE383,PcnTMWEU
SE384,8Zq7mdIC
SE387,j2xyiz86
SE388,zs6CHTwH
SE389,Ls2kugQv
SE39,6D0BRdRc
SE390,WV3geTNv
SE391,w7AmPzL3
SE393,a1xjgh8k
SE394,8GyQMmA0
SE395,KDly3r6f
SE397,RefGicPv
SE398,4Dn54Sfa
SE399,IydUwbt6
SE4,evgcvGPd
SE400,y8iTthed
SE401,VN2DvJCu
SE402,RPw2TGgl
SE403,rUgAa14F
SE404,j6FiqaLx
SE405,YElaAJVh
SE406,5wo2mXQS
SE409,KRy1zS16
SE41,szDGTZHz
SE410,L2F6GpYj
SE411,wXPjlaD9
SE412,QyG8LMdA
SE414,PaWG7B4x
SE415,88g4M0xc
SE416,vYbkThVn
SE417,XN9AjhNm
SE418,ux6wY1eg
SE42,m82EageE
SE420,4Dg0ZOqZ
SE421,86eV1Gba
SE422,Y6L0cAVJ
SE423,qTsCoT5Z
SE424,0TVqLBad
SE425,k0snvjMf
SE426,ewuKR10m
SE427,kvbvPMls
SE428,VV7PyL5Z
SE429,agXYcK17
SE43,62vQsjrl
SE430,QTQiii34
SE431,QTD2agzI
SE432,nZQFo4ds
SE433,3jkU3EPp
SE434,EEmtx4QQ
SE435,8MtYWyG9
SE437,NlhPJ1vq
SE438,s4HRvb4s
SE439,VfLnDZvc
SE44,oVkvFflx
SE440,FmxwzDVc
SE441,rhkGwBm9
SE442,geiWW3kH
SE443,OJ070dWI
SE444,KAtxNr05
SE449,Ru49Xtzb
SE45,qFskj22f
SE451,quPZSt0I
SE452,Y1XEtUAu
SE453,1NiZENfd
SE454,55Tj87xQ
SE455,hi6pYFSz
SE456,lkgN7LSF
SE457,wt8XYxaV
SE458,vUdr1eeW
SE459,jgu7wJQ7
SE46,rxZ56lAE
SE460,Z8Ixq2KC
SE461,Pckv4XbL
SE462,Kx5U3TYB
SE463,xty34uhK
SE465,Goxju8Dy
SE466,hcx47CYF
SE467,pgbDA8aw
SE468,M5ljwnqG
SE47,EZd0xbF5
SE470,PVu5iYU1
SE471,yEpjTfYS
SE472,9IBoNWoJ
SE474,s7DTeSba
SE475,ZvYXhIQu
SE476,SeyvnoGR
SE477,uajaYqDg
SE478,B9f24c8D
SE479,V7orOs3m
SE48,l8rIASyN
SE480,2EsdNMiB
SE481,ZAEFmRqI
SE483,nzN8FMgd
SE484,oskVMpam
SE486,pS7zskuW
SE487,m6IaTPFL
SE488,dXbmi4ZW
SE489,QEL4LeyL
SE49,GVt2xPRd
SE490,SgGfBkwd
SE491,kK008m0v
SE492,e6P6AdqN
SE493,tV9vF2uv
SE494,gFurU8yk
SE495,18sdkcuD
SE496,mguZQ64E
SE497,1MWdLtil
SE498,rb2RNcnP
SE499,Mlpe3Hh9
SE5,RwJar2fU
SE50,gqRHVCZr
SE51,gyfa9fAt
SE52,7yOZ4zAv
SE53,2VLhS4dQ
SE54,MK0hmwQy
SE55,RoDMnKnx
SE56,dT9LnbPI
SE57,4LUoDP5C
SE58,ZaqWGTh8
SE6,DbjDM0nZ
SE61,yTx7CQuV
SE62,KE1PVRiq
SE64,OEYvP4t5
SE65,f4CC7Ylb
SE66,y7d1uVm0
SE67,iPe5fdL7
SE68,ZIEbCosp
SE69,VNeOOOrr
SE70,WbjFDzaP
SE71,ewYcND6Z
SE73,QlEFlRlp
SE75,DsDY3cRn
SE77,aatn29Hd
SE78,UzUWd7BF
SE79,hqtPhj7c
SE8,BzzO6q2O
SE80,8vTABAsX
SE81,6Jzz17kl
SE82,h0C7jECA
SE83,0Ot8zBzt
SE84,twpCm5Up
SE85,9UsHjfGM
SE86,LVANoeT4
SE87,XdaFSMP6
SE88,vGxz4GTD
SE89,RtJWUZe1
SE90,SpYqbVNr
SE92,ZU30iGsg
SE93,wvy89KBK
SE96,Mht0Lcj5
SE97,jU6Sz1G0
SE99,Jc0f4EJd
